{
	"ver": 1,
	"minCoreVer": 130,
	"normal": {
		"texture": {
			"path": "texture.png",
			"scaleVector": [
				0.5,
				1.0
			]
		}
	},
	"shadow": {
		"auto": 0,
		"color": [
			0,
			0,
			0,
			100
		],
		"distance": 0.02,
		"angle": 0.0,
		"blur": 1,
        "stroke": [
            {
                "gradient": 0,
                "width": 0.6,
                "color": [
                    {
                        "color": [
                            0,
                            0,
                            0,
                            255
                        ],
                        "factor": 1.0
                    }
                ]
            }			
        ]
	},
	"stroke": [
		{
			"gradient": 0,
			"width": 0.2,
			"color": [
				{
					"color": [
						0,
						0,
						0,
						255
					],
					"factor": 1.0
				}
			]
		},
		{
			"gradient": 0,
			"width": 0.6,
			"color": [
				{
					"color": [
						251,
						250,
						231,
						255
					],
					"factor": 1.0
				}
			]
		}
	]
}
