{
	"ver": 1,
	"minCoreVer": 130,
	"normal": {
		"gradient": 0,
		"color": [
			{
				"color": [
					251,
					169,
					212,
					255
				],
				"factor": 0.0
			}
		]
	},
	"shadow": {
		"auto": 0,
		"color": [
			0,
			0,
			0,
			255
		],
		"distance": 0.02,
		"angle": 0.0,
		"blur": 1,
		"stroke": [
			{
				"gradient": 0,
				"width": 1,
				"color": [
					{
						"color": [
							0,
							0,
							0,
							255
						],
						"factor": 1.0
					}
				]
			}
		]
	},
	"stroke": [
		{
			"gradient": 0,
			"width": 0.2,
			"color": [
				{
					"color": [
						0,
						0,
						0,
						255
					],
					"factor": 1.0
				}
			]
		},
		{
			"gradient": 0,
			"width": 1,
			"color": [
				{
					"color": [
						253,
						250,
						231,
						255
					],
					"factor": 1.0
				}
			]
		}
	]
}